subscription_id,organization_name,plan_type,plan_name,daily_usage,usage_per_period,total_usage_in_period
sub_888f658ae900a38bf637f77e6c31,SmartDevices Inc.,Unlimited,Unlimited Plan,701.3858693333333,21041.57608,21041.57608
sub_1fd20e1589f547a79a1206d0527b,ACME Phone,Unlimited,Unlimited Data Plan,872.45537798481,26509.221100307688,344619.87430399994
sub_783a6025f40da265835767e52225,ACME Phone,Unlimited,Unlimited Data Plan,843.7098923495146,24829.176832,173804.237824
sub_ee0bdac205d72bc186f963eb9740,People Mobile,Unlimited,Ultra Unlimited,613.0134016,18390.402048,18390.402048
sub_b007ca04dbfb66799c145a21bca7,People Mobile,Unlimited,Ultra Unlimited,783.5175935999999,23505.527808,23505.527808
sub_fd9c6f292a6cbbdf26cc4e751c96,People Mobile,Unlimited,Ultra Unlimited,2529.3405184,75880.215552,75880.215552
sub_d02f2a718340fc086ac8888a5c43,SmartDevices Inc.,Unlimited,Unlimited Plan,707.9692051,21239.076152999998,21239.076152999998
sub_a1453578b4399157ee8b945e2d01,ACME Phone,Unlimited,Unlimited Data Plan,1074.802335006211,31462.39562472727,346086.35187199997
sub_d8e509ffafbced4d99e2313e0ec9,ACME Phone,Unlimited,Unlimited Data Plan,620.8391156363635,18211.28072533333,109267.68435199998
sub_175add703384df73887aec529745,People Mobile,Unlimited,Ultra Unlimited,4712.144554666666,141364.33664,141364.33664
sub_64d3dbb6d44e46ddcfd7fd61b341,People Mobile,Unlimited,Ultra Unlimited,4384.286173866667,131528.585216,131528.585216
sub_643170d9748d41715e1847a2e6a7,ACME Phone,Unlimited,Unlimited Data Plan,1022.9310139949367,31081.365425230768,404057.750528
sub_03a24941fbab79edf4c50dddf660,People Mobile,Unlimited,Ultra Unlimited,2540.8284672,76224.854016,76224.854016
sub_3940aa8d555869d8b6dd0f1db070,People Mobile,Unlimited,Ultra Unlimited,4657.558084266667,139726.742528,139726.742528
sub_aa41251bd8f5b3ce85452c2dc027,ACME Phone,Unlimited,Unlimited Data Plan,3244.290201121495,99182.58614857143,694278.10304
sub_a072bf76ba9b697404d983489ac9,People Mobile,Unlimited,Ultra Unlimited,2241.2681216,67238.043648,67238.043648
sub_09bf712ff9e02cb1b6a218423058,People Mobile,Unlimited,Ultra Unlimited,897.1887616,26915.662848,26915.662848
sub_ee37cb7caa1222df2df80544d116,People Mobile,Unlimited,Ultra Unlimited,1999.533294933333,59985.998847999996,59985.998847999996
sub_3f7ef87c4624f98b98a03162d0e9,People Mobile,Unlimited,Ultra Unlimited,893.4718464,26804.155392,26804.155392
sub_662ba999b7ea86cb0945fc6afa97,People Mobile,Unlimited,Ultra Unlimited,1939.2775850666667,58178.327552,58178.327552
sub_7f116b16210bed6abe5524943c18,ACME Phone,Unlimited,Unlimited Data Plan,1496.0089088000018,44880.26726400005,44880.26726400005
sub_3a03b129cced11c04ae874bbadc4,SmartDevices Inc.,Unlimited,Unlimited Plan,721.9168675333333,21657.506026,21657.506026
sub_10e638890e3bcf082eec29dbd1df,People Mobile,Unlimited,Ultra Unlimited,865.5771989333334,25967.315968000003,25967.315968000003
sub_97e6a05e6ec166442414a3b1cdeb,SmartDevices Inc.,Unlimited,Unlimited Plan,703.7536615,21112.609845,21112.609845
sub_92b95938cbf69d28f01c3c3e2168,People Mobile,Unlimited,Ultra Unlimited,2874.9811712,86249.435136,86249.435136
sub_a8f7af71fd0c302e8a76ff3df138,ACME Phone,Unlimited,Unlimited Data Plan,2670.694848,42731.117568,85462.235136
sub_e79634450c72207ff3423fc5d876,ACME Phone,Unlimited,Unlimited Data Plan,699.8987960655738,21346.91328,42693.82656
sub_7300629769aab35f0546a94cde3a,People Mobile,Unlimited,Ultra Unlimited,2220.130133333333,66603.904,66603.904
sub_aa0392c29968dfb8d256f10e42fd,People Mobile,Unlimited,Ultra Unlimited,1451.9362560000002,2903.8725120000004,2903.8725120000004
sub_5d4c6f75e4ca438ee5bdf5809f8c,People Mobile,Unlimited,Ultra Unlimited,1625.5788373333335,48767.36512,48767.36512
sub_a5b9a79d1394c994b5443a89824a,People Mobile,Unlimited,Ultra Unlimited,1390.3689045333333,41711.067136,41711.067136
sub_5f366a36aeb2f9cd73c2080ff46a,People Mobile,Unlimited,Ultra Unlimited,621.7409877333333,18652.229632,18652.229632
sub_e1c0420075e3d82739d68bc7443e,People Mobile,Unlimited,Ultra Unlimited,1442.0234240000002,20188.327936,20188.327936
sub_255a6b389ec8bb2303e812df8b9f,ACME Phone,Unlimited,Unlimited Data Plan,2764.1358045405404,81818.4198144,409092.099072
sub_fba657124a9185e8299a30f186df,People Mobile,Unlimited,Ultra Unlimited,605.2256768000001,18156.770304,18156.770304
sub_9c955939fc71c9b5cd922390f0d3,People Mobile,Unlimited,Ultra Unlimited,617.1627520000001,18514.882560000002,18514.882560000002
sub_452766519e93530433d7b39838da,People Mobile,Unlimited,Ultra Unlimited,1518.1864959999998,39472.848895999996,78945.69779199999
sub_b6905df26f4828b654d1e8257593,ACME Phone,Unlimited,Unlimited Data Plan,3629.6104447999996,108888.313344,217776.626688
sub_2de3c1bed3c22cd9891ca31e0fdb,People Mobile,Unlimited,Ultra Unlimited,1400.9158314666668,42027.474944,42027.474944
sub_a0c6c644735482885922a992cb4b,People Mobile,Unlimited,Ultra Unlimited,2445.517550933334,73365.52652800002,73365.52652800002
sub_f64835055367412bfdbe8dec9666,People Mobile,Unlimited,Ultra Unlimited,1121.3051562666667,33639.154688,33639.154688
sub_76dc08df80bc0dc56d9540bcb571,People Mobile,Unlimited,Ultra Unlimited,6292.485256533333,188774.557696,188774.557696
sub_a36776264862a3bd507278819ee1,People Mobile,Unlimited,Ultra Unlimited,4698.373256533333,140951.197696,140951.197696
sub_077b22b6e049cee307bfd4529f55,People Mobile,Unlimited,Ultra Unlimited,5842.436369066667,175273.091072,175273.091072
sub_5b8f77ba4745f226bb69a3c1b02b,People Mobile,Unlimited,Ultra Unlimited,1471.8571861333332,44155.715584,44155.715584
sub_53cefbabc5d306c2822367f9f149,People Mobile,Unlimited,Ultra Unlimited,1348.4299264,40452.897792,40452.897792
sub_b49826e98d364130405241c5c92e,People Mobile,Unlimited,Ultra Unlimited,648.8203093333333,7785.843712,7785.843712
sub_c4e9db81e6009d1b64eb03f7a949,People Mobile,Unlimited,Ultra Unlimited,3172.7393109333334,95182.179328,95182.179328
sub_64bf34cbeb05203d74ec510b6880,SmartDevices Inc.,Unlimited,Unlimited Plan,701.8072232333335,21054.216697000003,21054.216697000003
sub_04a4cbbe821497789fdfd651cce1,People Mobile,Unlimited,Ultra Unlimited,4436.808362666667,133104.25088,133104.25088
sub_6f4a60d2eec58556788a1cce4aa4,SmartDevices Inc.,Unlimited,Unlimited Plan,2347.7003418888885,21129.303076999997,21129.303076999997
sub_5fcca627b50c240370969c11e85b,People Mobile,No Allowance,No Allowances Plan,2228.4544568888887,40112.180223999996,40112.180223999996
sub_80315f707e56eb5e39eeb14e9a5f,People Mobile,Unlimited,Ultra Unlimited,1491.8904832,44756.714496,44756.714496
sub_58f79d5f604c3c6d560b30e4b4da,People Mobile,Unlimited,Ultra Unlimited,1759.2922112,52778.766336,52778.766336
sub_5cf5a0ee815ca068b5a35165fafd,People Mobile,Unlimited,Ultra Unlimited,6377.5258624,191325.775872,191325.775872
sub_347d6cabceeaad922aa95725f165,People Mobile,Unlimited,Ultra Unlimited,3392.6827008000005,101780.48102400001,101780.48102400001
sub_4d775b108eac1c2daa5808792d4d,People Mobile,Unlimited,Ultra Unlimited,761.2500650666666,22837.501952,22837.501952
sub_b5388792e8aafa04a6ac39de4e1d,People Mobile,Unlimited,Ultra Unlimited,2022.9639850666667,60688.919552,60688.919552
sub_5c686ff568f3d12a588978e50824,People Mobile,Unlimited,Ultra Unlimited,1937.1913557333332,58115.740672,58115.740672
sub_82b1bde20bb46c8b1cacb8d1927e,SmartDevices Inc.,Unlimited,Unlimited Plan,703.9061293333332,21117.183879999997,21117.183879999997
sub_ae0ccf3452d288120724b7afc39c,People Mobile,Unlimited,Ultra Unlimited,1488.9362090666666,44668.086272,44668.086272
sub_f3f1333925aa082d54bbc9e841a8,ACME Phone,Unlimited,Unlimited Data Plan,777.2224758278481,23615.60599630769,307002.877952
sub_8da48e48e44c1d0b638d84e5ad6b,People Mobile,Unlimited,Ultra Unlimited,1195.2168277333333,35856.504832,35856.504832
sub_d2132b072c5235be5f9b8fa6acd8,ACME Phone,Unlimited,Unlimited Data Plan,2574.080091577235,79152.96281599998,316611.85126399994
sub_e714e23c93ec3909f0553a28538d,ACME Phone,Unlimited,Unlimited Data Plan,725.2826219084967,22193.6482304,110968.24115199999
sub_55e673cf3af6f0948ba34fe7b6db,ACME Phone,Unlimited,Unlimited Data Plan,1565.969400222787,47581.37792984622,618557.9130880008
sub_f1a1ec6e9e1e6439174309b49775,ACME Phone,Unlimited,Unlimited Data Plan,865.347942706587,26275.110260363643,289026.21286400006
sub_b47d395d3e4ff2e9e0b70e0f8fea,SmartDevices Inc.,Unlimited,Unlimited Plan,654.5659705714288,4581.961794000002,4581.961794000002
sub_c15eb9d30ee30b4110652cbce7ad,ACME Phone,Unlimited,Unlimited Data Plan,1479.3767440516128,38217.23255466666,229303.39532799998
sub_03ce92c4a511e6eb11be0cdde4d0,People Mobile,Unlimited,Ultra Unlimited,2760.0234496,82800.703488,82800.703488
sub_2560f4f87db6ae3917abf7223b9f,People Mobile,Unlimited,Ultra Unlimited,1300.5206807272727,28611.454976,57222.909952
sub_d57f3aae8a88e98e902a44f7dfc9,People Mobile,Unlimited,Ultra Unlimited,615.3277781333333,18459.833344,18459.833344
sub_3c69576ceb75903bdc3a64f7d606,ACME Phone,Unlimited,Unlimited Data Plan,716.7275349333333,21501.826048,21501.826048
sub_dc081f0aa9953daf87f4ff0929bb,People Mobile,Unlimited,Ultra Unlimited,814.2166016,24426.498048,24426.498048
sub_893e84ce3e3a03ba518fef5dcfc4,People Mobile,Unlimited,Ultra Unlimited,878.0735487999999,26342.206464,26342.206464
sub_3ee1bb43449e5d720823be26b05d,People Mobile,Unlimited,Ultra Unlimited,1458.0149589333334,43740.448768,43740.448768
sub_d04203d03441c96754a434650f59,ACME Phone,Unlimited,Unlimited Data Plan,752.7889953464052,23035.343257599998,115176.716288
sub_e70c2bf736319c0fcf1094443e12,People Mobile,Unlimited,Ultra Unlimited,2322.843272533333,69685.298176,69685.298176
sub_6717e8ceda6815e844d325893cdb,People Mobile,Unlimited,Ultra Unlimited,1399.0301013333335,4197.090304,4197.090304
sub_9945927c9979b005da5f2e6bd862,ACME Phone,Unlimited,Unlimited Data Plan,816.4828016448599,24961.04565028572,174727.31955200003
sub_1d37bbec00e6c1c64d6b61ab0ed9,People Mobile,Unlimited,Ultra Unlimited,1129.2344661333334,33877.033984,33877.033984
sub_e09ef3181d5b492685a563296bcd,People Mobile,Unlimited,Ultra Unlimited,1166.2451712,34987.355136,34987.355136
sub_a4e78d9cf657de7e2eba9f8ec85e,People Mobile,Unlimited,Ultra Unlimited,1982.1508608000001,59464.525824000004,59464.525824000004
sub_6c52bc81e2c4717976650d2ea389,People Mobile,Unlimited,Ultra Unlimited,952.6280533333334,28578.8416,28578.8416
sub_1464a556f3b58fd5ff5a781b320d,People Mobile,Unlimited,Ultra Unlimited,1108.8325290666667,33264.975872,33264.975872
sub_5cac77ff53c6200bbaa7190e3e37,People Mobile,Unlimited,Ultra Unlimited,987.7214890666667,29631.644672,29631.644672
sub_648cd0195563b93291c4b59a02aa,ACME Phone,Unlimited,Unlimited Data Plan,731.4029006451613,22673.48992,22673.48992
sub_1cb30e7349ee33073b4175dcf903,People Mobile,Unlimited,Ultra Unlimited,732.9348949333333,21988.046848,21988.046848
sub_53a174788435748b1c44814ba303,People Mobile,Unlimited,Ultra Unlimited,1739.0193322666667,52170.579968,52170.579968
sub_721de74e39fbcd006c0fa7d1b820,People Mobile,Unlimited,Ultra Unlimited,3622.1897728,108665.693184,108665.693184
sub_ad17538b966af608e6c3c45e0eb2,SmartDevices Inc.,Unlimited,Unlimited Plan,719.2545161666669,21577.635485000006,21577.635485000006
sub_0ee1bfc99667b9e971a2839a732b,People Mobile,Unlimited,Ultra Unlimited,906.0887552,27182.662656,27182.662656
sub_3f938e8de2c2388111e9f3e2d8ea,People Mobile,Unlimited,Ultra Unlimited,721.3602133333334,21640.8064,21640.8064
sub_034a5a5a1e3e0e5b8b8765c66d6a,People Mobile,Unlimited,Ultra Unlimited,11748.004181333334,211464.075264,211464.075264
sub_cf57ee12e0c56ee062c925bd9789,People Mobile,Unlimited,Ultra Unlimited,4724.001587199999,141720.047616,141720.047616
sub_d3c8b6e4f32c96826a5d2db8f404,People Mobile,Unlimited,Ultra Unlimited,2188.0556544,65641.669632,65641.669632
sub_55f217f4bd1284738e3ecbf2d208,People Mobile,Unlimited,Ultra Unlimited,1031.5688789333333,30947.066368,61894.132736
sub_6ab3337709508b4b35d630a9f02e,People Mobile,Unlimited,Ultra Unlimited,3143.6150442666667,94308.451328,94308.451328
sub_21367498a6fca1b727729ea10936,SmartDevices Inc.,Unlimited,Unlimited Plan,713.3619096000001,21400.857288000003,21400.857288000003
sub_53961706f08fa28edca1d122bea4,People Mobile,Unlimited,Ultra Unlimited,1785.6533504000001,53569.600512000005,53569.600512000005
sub_4ed4f653679ba27aea370d1d78c9,SmartDevices Inc.,Unlimited,Unlimited Plan,715.0742676999998,21452.228030999995,21452.228030999995
sub_6fa441bd63e00e5aac73ee6fb406,People Mobile,Unlimited,Ultra Unlimited,2752.9071616,82587.214848,82587.214848
sub_a81f86b1231a7e0d78a1616c5034,ACME Phone,Unlimited,Unlimited Data Plan,1356.0644009056602,35935.706624,71871.413248
sub_5a277f4548eb389e3047fa889410,ACME Phone,Unlimited,Unlimited Data Plan,794.8155015629137,24003.428147199993,120017.14073599997
sub_f61be5ef8cf09bb538c1e3cfc970,ACME Phone,Unlimited,Unlimited Data Plan,716.3403738536585,22027.466496,88109.865984
sub_82c0acc708da1e68957ecb96a3bc,People Mobile,Unlimited,Ultra Unlimited,2531.2893610666665,75938.680832,75938.680832
sub_716a35d21aecf54de256d49a200b,People Mobile,No Allowance,No Allowances Plan,702.622208,2810.488832,2810.488832
sub_822bbb1af38abe229b14893dac78,People Mobile,No Allowance,No Allowances Plan,2249.999872,13499.999232,13499.999232
sub_6cebd6a447dbd0113a247a548521,People Mobile,Unlimited,Ultra Unlimited,855.2636074666667,25657.908224000003,25657.908224000003
sub_eb04b9966dd72d6bf8593ffdf37e,People Mobile,Unlimited,Ultra Unlimited,1355.965952,40678.97856,40678.97856
sub_5c332e229d2d3c84f5fe7d34779f,People Mobile,Unlimited,Ultra Unlimited,3021.153655466667,90634.609664,90634.609664
sub_68a1c6ec79ec9c72fdf866260169,People Mobile,Unlimited,Ultra Unlimited,2941.630122666667,88248.90368,88248.90368
sub_6a2f77fd5db99f12dc086abfffee,People Mobile,Unlimited,Ultra Unlimited,2611.2028672,78336.086016,78336.086016
sub_cb2e023dd410862464c246cf45be,ACME Phone,Unlimited,Unlimited Data Plan,642.0372026329114,19508.053464615386,253604.69504000002
sub_0e5476c8ebb14138185981b58163,ACME Phone,Unlimited,Unlimited Data Plan,2393.404684590164,72998.84288,145997.68576
sub_0667607f10deff12638c1d2aafe5,ACME Phone,Unlimited,Unlimited Data Plan,2846.58176,87532.38912,350129.55648
sub_4abd06ebc604595622b5af0a805d,People Mobile,Unlimited,Ultra Unlimited,3581.6460629333333,107449.381888,107449.381888
sub_06f9acdd518b6180e91acfcd0dee,People Mobile,Unlimited,Ultra Unlimited,764.0610133333333,22921.8304,22921.8304
sub_3e47b8e210a18fa46a4062947126,ACME Phone,Unlimited,Unlimited Data Plan,1134.9756915037974,34485.79985723077,448315.398144
sub_080c94d6ec20342658cb4c2bdffa,People Mobile,Unlimited,Ultra Unlimited,1469.1000319999998,44073.00096,44073.00096
sub_6b34059beea826ecff28df75a37f,People Mobile,Unlimited,Ultra Unlimited,963.0680795428572,16853.691392,33707.382784
sub_2caddbaab42402571d3aada61b74,People Mobile,Unlimited,Ultra Unlimited,1940.2699093333333,58208.09728,58208.09728
sub_24b48d99d931089cacf3d3f41b7a,People Mobile,Unlimited,Ultra Unlimited,1241.6864938666665,37250.594816,37250.594816
sub_37442b72c328f4840c2535c27dd4,People Mobile,Unlimited,Ultra Unlimited,5915.9355392,177478.066176,177478.066176
sub_36834f36425f62cfb69644038139,People Mobile,Unlimited,Ultra Unlimited,3471.552512,104146.57536,104146.57536
sub_7adf2a52e390f59e9f9cbf14490a,People Mobile,Unlimited,Ultra Unlimited,827.6114773333334,24828.34432,24828.34432
sub_968e131a266b1060b50622eecc2e,People Mobile,No Allowance,No Allowances Plan,1067.3843200000003,6404.305920000002,6404.305920000002
sub_ea92957b2ae4a58b178cca467327,ACME Phone,Unlimited,Unlimited Data Plan,3212.690298434782,98522.50248533332,591135.0149119999
sub_078c926dc829db4830a5ed8e7e1c,People Mobile,Unlimited,Ultra Unlimited,865.5454890666666,25966.364672,25966.364672
sub_87cf29593f7fce179d875a3df7f0,People Mobile,Unlimited,Ultra Unlimited,755.2871424,22658.614272,22658.614272
sub_b1b5b596965bb745954e82ab4cf3,ACME Phone,Unlimited,Unlimited Data Plan,2791.3466823736276,84670.84936533337,254012.54809600013
sub_007b5def7b64f7152b1b3c4b29e3,People Mobile,Unlimited,Ultra Unlimited,3060.072925866667,91802.187776,91802.187776
sub_62597301f777f9a66c21c7ecb9c2,People Mobile,Unlimited,Ultra Unlimited,784.4617898666668,23533.853696000002,23533.853696000002
sub_8b05e5d8eb132dec8c33ac126b1d,People Mobile,Unlimited,Ultra Unlimited,749.0464426666666,22471.39328,22471.39328
sub_3a5ebd0b75f72a5465f268d509a2,ACME Phone,5GB,Plus Plan,1192.340513032258,36962.555904,36962.555904
sub_5ff60a80ec59dcd5a413ec86a959,People Mobile,Unlimited,Ultra Unlimited,915.4741589333333,27464.224768,27464.224768
sub_b3f8cbce6bd02ccb0317ba7792a2,People Mobile,No Allowance,No Allowances Plan,922.1913599999999,1844.3827199999998,1844.3827199999998
sub_57ad96bc428d32b491417fb23bf6,People Mobile,Unlimited,Ultra Unlimited,1981.6760661333333,59450.281984,59450.281984
sub_18771a084e9368f6de39eb7e667c,ACME Phone,Unlimited,Unlimited Data Plan,1173.787222943396,31105.361407999997,62210.722815999994
sub_21c8e076d70c432993f10023db0c,People Mobile,Unlimited,Ultra Unlimited,5385.350314666666,161560.50944,161560.50944
sub_2613b4a4055b79158e32162081ef,People Mobile,Unlimited,Ultra Unlimited,1136.9419776,34108.259328,34108.259328
sub_716a35d21aecf54de256d49a200b,People Mobile,Unlimited,Ultra Unlimited,3963.1869610666668,118895.608832,118895.608832
sub_ebab44de53ab74370eb4e301a9bc,People Mobile,Unlimited,Ultra Unlimited,1802.1136725333333,54063.410176,54063.410176
sub_1f932642ee8aec7dd05392b5e64f,People Mobile,Unlimited,Ultra Unlimited,779.7766144,23393.298432,23393.298432
sub_255ac242e45937a636ffe282e4bc,People Mobile,Unlimited,Ultra Unlimited,2026.6338645333333,60799.015935999996,60799.015935999996
sub_d8a3ad8cb3c5662b58e9dd9d1584,People Mobile,Unlimited,Ultra Unlimited,1798.2464341333332,53947.393024,53947.393024
sub_01218234bf9e030c566cf574e2bc,People Mobile,Unlimited,Ultra Unlimited,4294.6134016000005,128838.402048,128838.402048
sub_1f867e06ca20b6ab733d79a83c54,People Mobile,Unlimited,Ultra Unlimited,758.7127637333334,22761.382912,22761.382912
sub_916600130b1c9fe0bbc7564b5c02,SmartDevices Inc.,Unlimited,Unlimited Plan,881.3328225833334,21151.987742,21151.987742
sub_f6867dc6af4233c7cb57df3e7044,People Mobile,Unlimited,Ultra Unlimited,3187.3239381333333,95619.718144,95619.718144
sub_255ac242e45937a636ffe282e4bc,People Mobile,No Allowance,No Allowances Plan,3617.0711039999997,7234.142207999999,7234.142207999999
sub_a2aeb58a027aad6cc27457c9af93,People Mobile,Unlimited,Ultra Unlimited,943.2384170666667,28297.152512,28297.152512
sub_e306f9b0d510234b2a16aacda024,SmartDevices Inc.,Unlimited,Unlimited Plan,717.7933235666667,21533.799707000002,21533.799707000002
sub_378f51b5ae6bbf89049841355358,People Mobile,Unlimited,Ultra Unlimited,776.7878997333333,23303.636992,23303.636992
sub_9bf9d6bdd47ae6ed709ba5bd860e,People Mobile,Unlimited,Ultra Unlimited,2158.6339839999996,64759.019519999994,64759.019519999994
sub_f430a77ada214a2a6e94777eae54,ACME Phone,Unlimited,Unlimited Data Plan,1045.6605068387096,32415.475712,32415.475712
sub_cd57a22963c864c234dec6894021,People Mobile,Unlimited,Ultra Unlimited,2218.314990933334,66549.449728,66549.449728
sub_243110a9385b34e1ffcbf6048d83,People Mobile,Unlimited,Ultra Unlimited,989.0811904,29672.435712,29672.435712
sub_1b12ae05b774d24c0efb170222ab,People Mobile,Unlimited,Ultra Unlimited,4105.622459733334,123168.67379200002,123168.67379200002
sub_a1d664def55335b934acdf51cbf1,People Mobile,Unlimited,Ultra Unlimited,3308.2748928,99248.246784,99248.246784
sub_df36b1584785e9ebd8177ff2db58,SmartDevices Inc.,Unlimited,Unlimited Plan,707.0626191999999,3535.3130959999994,3535.3130959999994
sub_ebfcfaa04070878943ceccc0dc96,People Mobile,Unlimited,Ultra Unlimited,938.2495232,28147.485696,28147.485696
sub_2bed465cd04a4d5b5a62a14b8228,ACME Phone,Unlimited,Unlimited Data Plan,755.9900847342465,22994.698410666664,275936.38092799997
sub_d28039af5cb795d379b7a82dbd71,ACME Phone,Unlimited,Unlimited Data Plan,754.2389244031008,22453.11259569231,291890.463744
sub_dbd8a246fa54a375eaf0227768dc,ACME Phone,Unlimited,Unlimited Data Plan,680.6400251803278,20759.520768,41519.041536
sub_3d718a93d3e98ccae58f70c5600f,ACME Phone,Unlimited,Unlimited Data Plan,5449.067170341464,167558.81548800002,670235.2619520001
sub_4f052ebd06db1569f17abb43f265,ACME Phone,Unlimited,Unlimited Data Plan,1988.839023304348,60991.06338133334,182973.19014400002
sub_09205b5a573f125ec8a96c01a505,People Mobile,Unlimited,Ultra Unlimited,1131.7401941333333,33952.205824,33952.205824
sub_edde26b5a4670a2ca281142cf907,ACME Phone,Unlimited,Unlimited Data Plan,751.917883813084,22987.203876571428,160910.42713599998
sub_79cd0108e841011fda2af3e6b262,ACME Phone,Unlimited,Unlimited Data Plan,629.6025054426229,19202.876416,38405.752832
sub_22699073a5620e7bb27fc0c1c5d0,ACME Phone,Unlimited,Unlimited Data Plan,639.8225258426967,18981.4016,56944.2048
sub_a064004785101e5e14da2d4dadf9,People Mobile,No Allowance,No Allowances Plan,2563.97056,5127.94112,5127.94112
sub_2f0c3348513d409ff4123c2cf36d,People Mobile,Unlimited,Ultra Unlimited,2666.1604010666665,79984.812032,79984.812032
sub_e0b02055c3aa42127153dba00466,ACME Phone,Unlimited,Unlimited Data Plan,800.0535638130841,24458.78037942857,171211.462656
sub_7855b774b091ffdf64a4dd63daaf,ACME Phone,Unlimited,Unlimited Data Plan,1431.5727359999998,42231.395712,337851.165696
sub_af2a8f8ae1b30822c381874358d6,SmartDevices Inc.,Unlimited,Unlimited Plan,708.1307502666667,21243.922508000003,21243.922508000003
sub_4d13e2175cdae94e97b65eacc75b,ACME Phone,Unlimited,Unlimited Data Plan,735.0941696000001,22052.825088,22052.825088
sub_96b210a1df991041375f82e1e8cf,ACME Phone,Unlimited,Unlimited Data Plan,877.1048709019607,26839.409049599995,268394.09049599996
sub_b722909c6017ae53df1dff4fbe7a,ACME Phone,Unlimited,Unlimited Data Plan,4221.392910422534,119887.55865599998,599437.7932799999
sub_1242c49194a05e9d3989f0824c0a,ACME Phone,Unlimited,Unlimited Data Plan,1663.2538565245902,50729.242624,101458.485248
sub_9f71a9c1b87748624b95881b686e,People Mobile,Unlimited,Ultra Unlimited,753.9568981333333,22618.706943999998,22618.706943999998
sub_767ee3c2b7d4e17d55cffe3e7600,People Mobile,Unlimited,Ultra Unlimited,6565.330158933333,196959.904768,196959.904768
sub_08682ac14ae3680585487f83556a,People Mobile,Unlimited,Ultra Unlimited,1247.6990122666668,37430.970368,37430.970368
sub_147aa3bc2a5f67a7008c2f39f846,People Mobile,Unlimited,Ultra Unlimited,1735.3270613333334,52059.81184,52059.81184
sub_5402f3b686557a1ac84bc411df43,People Mobile,Unlimited,Ultra Unlimited,1173.8934272000001,35216.802816,35216.802816
sub_e8b444a3c2835dc8812557d59f4e,SmartDevices Inc.,Unlimited,Unlimited Plan,644.0637621333334,19321.912864,19321.912864
sub_129178d412ca0df18b757bc229c7,SmartDevices Inc.,Unlimited,Unlimited Plan,704.6773451,21140.320353,21140.320353
sub_db14e022f054f6b38324252a55c7,SmartDevices Inc.,Unlimited,Unlimited Plan,707.7182075000001,21231.546225000002,21231.546225000002
sub_73eeace001fc025908dc25b5d811,People Mobile,Unlimited,Ultra Unlimited,1091.0271146666666,32730.81344,32730.81344
sub_e6b5d36fcf4b8ebb5f7f229678c6,People Mobile,Unlimited,Ultra Unlimited,1568.8274261333331,47064.822783999996,47064.822783999996
sub_5c33c56e18c3345c19a9a6c71a3f,ACME Phone,Unlimited,Unlimited Data Plan,680.3328755409837,20750.152704,41500.305408
sub_822358833d98f68615cce3fc5d7d,People Mobile,Unlimited,Ultra Unlimited,6259.482427076922,162746.54310399998,162746.54310399998
sub_a064004785101e5e14da2d4dadf9,People Mobile,Unlimited,Ultra Unlimited,4063.2096767999997,121896.290304,121896.290304
sub_79033708bcfd6c4d723fbd69979f,People Mobile,Unlimited,Ultra Unlimited,1155.7961728,34673.885184,34673.885184
sub_9baa259d3d84395ffd472a32e860,People Mobile,Unlimited,Ultra Unlimited,972.3664384000001,29170.993152000003,29170.993152000003
sub_5c994b62d92efaa7a13a41c53484,ACME Phone,Unlimited,Unlimited Data Plan,631.7403334193549,19583.950336,39167.900672
sub_e567fe510edb8842b971035a730a,People Mobile,Unlimited,Ultra Unlimited,620.3432960000001,18610.298880000002,18610.298880000002
sub_2fcdf72d1e8087e67f8b4fe84646,People Mobile,Unlimited,Ultra Unlimited,857.4274218666667,25722.822656,25722.822656
sub_d28b0b5786e3934022241180bf3f,People Mobile,Unlimited,Ultra Unlimited,1870.3892480000002,56111.67744000001,56111.67744000001
sub_e2000a9a1e4efca30b3481fb3d5a,People Mobile,Unlimited,Ultra Unlimited,2393.101312,71793.03936,71793.03936
sub_b52c93327b96a57bb2a943b217c5,People Mobile,5GB,5GB,2500.218368,5000.436736,5000.436736
sub_eb09a910a312e979c8c564ce5c6d,People Mobile,Unlimited,Ultra Unlimited,2953.184221866666,88595.52665599999,88595.52665599999
sub_b3f8cbce6bd02ccb0317ba7792a2,People Mobile,Unlimited,Ultra Unlimited,683.5438250666667,20506.314752000002,20506.314752000002
sub_16c9750cccf2dc2c2ba390a4f7ae,People Mobile,Unlimited,Ultra Unlimited,646.5473536000001,19396.420608,19396.420608
sub_6add13038a5a4c71afae707d6e5d,People Mobile,No Allowance,No Allowances Plan,1494.2136320000002,2988.4272640000004,2988.4272640000004
sub_346734bddb1e1acb9fac4e9a6b2a,People Mobile,No Allowance,No Allowances Plan,1412.501504,42375.04512,42375.04512
sub_5d8de32426157377beef68ff05a9,People Mobile,Unlimited,Ultra Unlimited,1005.8338304,30175.014912,30175.014912
sub_eb26c0ca547d4c7f603deb965124,People Mobile,Unlimited,Ultra Unlimited,927.0056277333334,27810.168832000003,27810.168832000003
sub_c1e2f7a4a175a3e79969a3f48a51,People Mobile,Unlimited,Ultra Unlimited,1317.7645614545454,14495.410176,14495.410176
sub_205ddaf586378880f54d5a2984b4,People Mobile,Unlimited,Ultra Unlimited,1758.4624981333334,52753.874944,52753.874944
sub_47be139b7c74409fdc129a463e36,People Mobile,Unlimited,Ultra Unlimited,5515.1793152,165455.379456,165455.379456
sub_5d7d995d844aeca718f7cbc0f993,People Mobile,Unlimited,Ultra Unlimited,2991.5454122666665,89746.362368,179492.724736
sub_ebf0990b7d7bed407142a3a4718b,ACME Phone,Unlimited,Unlimited Data Plan,625.7525521534246,19033.306794666667,228399.681536
sub_5c554e4af6133152cd566ed7d752,SmartDevices Inc.,Unlimited,Unlimited Plan,722.3813631666668,21671.440895000003,21671.440895000003
sub_bbe76e6c9915f4f139f11c58665a,People Mobile,Unlimited,Ultra Unlimited,5818.8153514666665,174564.460544,174564.460544
sub_99c3f8af0f049953d826ad76a734,ACME Phone,Unlimited,Unlimited Data Plan,904.4612186734176,27481.706259692306,357262.181376
sub_bf65d729c2df4092017eaea0ee0a,ACME Phone,Unlimited,Unlimited Data Plan,733.3103114172185,22145.9714048,110729.857024
sub_a2bd3b6ebf4470724419cfacf356,People Mobile,Unlimited,Ultra Unlimited,1057.0337621333333,31711.012864,31711.012864
sub_5fcca627b50c240370969c11e85b,People Mobile,Unlimited,Ultra Unlimited,2431.6769280000003,72950.30784000001,72950.30784000001
sub_579bd056f12b74c44a3c7d963696,People Mobile,Unlimited,Ultra Unlimited,7907.135283199999,237214.05849599998,237214.05849599998
sub_716843746cec624582e642f3fc7b,ACME Phone,Unlimited,Unlimited Data Plan,855.6984605164558,26000.068608000005,338000.8919040001
sub_524665e146cc8cfd39ebec9bb13a,ACME Phone,Unlimited,Unlimited Data Plan,656.8639341714286,11495.118848,22990.237696
sub_f96b27e1b015ba1e8c345e8e7437,People Mobile,Unlimited,Ultra Unlimited,1140.468155733333,34214.044671999996,34214.044671999996
sub_145fcd7f790241950554e2838d86,People Mobile,Unlimited,Ultra Unlimited,3204.2679637333335,96128.038912,96128.038912
sub_81bf1b2179125be33fdbbe3ef5be,People Mobile,Unlimited,Ultra Unlimited,1084.7116970666668,32541.350912,32541.350912
sub_22e7a74efc1df07416e3aef0a7d8,People Mobile,Unlimited,Ultra Unlimited,4500.749960533333,135022.498816,135022.498816
sub_112ba9dfdf3edcb8f087f0768834,People Mobile,Unlimited,Ultra Unlimited,2925.5648597333334,87766.945792,87766.945792
sub_0d935359b2517fd5d1fbf21cf474,People Mobile,Unlimited,Ultra Unlimited,1149.1559424,34474.678272,34474.678272
sub_5f447ac5d0478dafb93e8e4abc57,People Mobile,Unlimited,Ultra Unlimited,2684.1129984,80523.389952,80523.389952
sub_c5337a9329b97ffdbd034e677bd3,People Mobile,Unlimited,Ultra Unlimited,1600.5984597333334,48017.953792,48017.953792
sub_eb4e23065d6842d5128885df62af,People Mobile,Unlimited,Ultra Unlimited,1975.2991061333335,59258.973184,59258.973184
sub_4d8f5052a106972300049d39fb86,People Mobile,Unlimited,Ultra Unlimited,868.7182506666667,26061.54752,26061.54752
sub_e2c6bc17ba972a2e15d7758a87cf,People Mobile,Unlimited,Ultra Unlimited,1363.8883328000002,40916.649984,40916.649984
sub_8057c65044173e33e4fbf9f7fe52,People Mobile,Unlimited,Ultra Unlimited,2756.4777813333335,82694.33344,82694.33344
sub_d66baeb74d5358e931c0faaf47d4,People Mobile,Unlimited,Ultra Unlimited,656.3279872,19689.839616,19689.839616
sub_ff27b0d9df41417c152906f2109e,People Mobile,Unlimited,Ultra Unlimited,611.2732842666667,18338.198528,18338.198528
sub_b9c80b5544dd7c155777c395a78c,People Mobile,Unlimited,Ultra Unlimited,1543.4786816,46304.360448,46304.360448
sub_6add13038a5a4c71afae707d6e5d,People Mobile,Unlimited,Ultra Unlimited,3349.710848,100491.32544,100491.32544
sub_3c38c53b90b2444f2f51be47e496,People Mobile,Unlimited,Ultra Unlimited,1444.4363093333334,43333.08928,43333.08928
sub_25f3c485ef18c35e6b646cfad9e0,People Mobile,Unlimited,Ultra Unlimited,3204.594834285714,44864.327679999995,44864.327679999995
sub_32118e52fc911506590b57a3539f,People Mobile,Unlimited,Ultra Unlimited,2537.657924266666,76129.737728,76129.737728
sub_8b05e5d8eb132dec8c33ac126b1d,People Mobile,No Allowance,No Allowances Plan,3523.805952,14095.223808,14095.223808
sub_f8abed88f7e04b00f7ddaea0e0f3,People Mobile,Unlimited,Ultra Unlimited,2235.3970858666667,67061.912576,67061.912576
sub_c63fbb2be56409fe50afaa59cb50,People Mobile,Unlimited,Ultra Unlimited,890.9705898666667,26729.117696,26729.117696
sub_060fb9202159ba2f0022a04a7cd2,People Mobile,Unlimited,Ultra Unlimited,887.4059093333334,26622.177280000004,26622.177280000004
sub_9b64f8886ebf5e5e3b6602022904,People Mobile,Unlimited,Ultra Unlimited,1244.1573034666665,37324.719103999996,37324.719103999996
sub_9bf9d6bdd47ae6ed709ba5bd860e,People Mobile,No Allowance,No Allowances Plan,1064.1858559999998,2128.3717119999997,2128.3717119999997
sub_0bd49389f3937c00725827a7ebfd,People Mobile,Unlimited,Ultra Unlimited,1356.9753429333332,40709.260288,40709.260288
sub_3f44233b597cea87e387ad921f30,SmartDevices Inc.,Unlimited,Unlimited Plan,720.0193407999999,21600.580223999998,21600.580223999998
sub_3c491c32b4d7c7bd131f57ab7de8,ACME Phone,1GB,Easy Plan,1805.804557562914,54535.29763840001,272676.488192
sub_acc31fc16e9abb8197d6293ddb70,ACME Phone,Unlimited,Unlimited Data Plan,678.8668936393442,20705.440255999998,82821.76102399999
sub_9e101cef26f6376583102a9d5849,ACME Phone,Unlimited,Unlimited Data Plan,641.0010986936708,19476.571844923074,253195.43398399997
sub_b81007f8184bba3fabf35d5d5365,ACME Phone,Unlimited,Unlimited Data Plan,795.6539469772152,24175.63915815385,314283.309056
sub_13db4fd4055d0aef05f3b6ca1bc6,ACME Phone,Unlimited,Unlimited Data Plan,738.679608195122,20190.575957333334,60571.727872
sub_3c0e26cd7b1f783d4d6b12a7aee1,People Mobile,Unlimited,Ultra Unlimited,2160.668020363636,23767.348223999998,23767.348223999998
sub_3a5ebd0b75f72a5465f268d509a2,ACME Phone,Unlimited,Unlimited Data Plan,641.4735172454212,19458.03002311111,175122.270208
sub_d7a0474a9c6e0d6d82e6da73e49a,ACME Phone,Unlimited,Unlimited Data Plan,1295.0456487868853,39498.892288,236993.35372800002
sub_972ebcf92864da087f8edb8b7295,ACME Phone,Unlimited,Unlimited Data Plan,697.883253124183,21355.2275456,106776.137728
sub_fdeb9c03774f6055dcc16c989eb9,People Mobile,Unlimited,Ultra Unlimited,973.1393194666666,29194.179583999998,29194.179583999998
sub_cf273385f7970261656bba13daf7,SmartDevices Inc.,Unlimited,Unlimited Plan,698.4515506000001,20953.546518000003,41907.093036000006
sub_4ebfb01ab102d3a585c6dd8d201f,People Mobile,Unlimited,Ultra Unlimited,2674.673493333333,80240.20479999999,80240.20479999999
sub_1a07d37a108675b03724b4669cfa,ACME Phone,Unlimited,Unlimited Data Plan,783.7908680911391,23815.184068923074,309597.39289599995
sub_b8eebd9efb524a788395afbdc43b,ACME Phone,Unlimited,Unlimited Data Plan,784.1352522105263,23837.7116672,238377.116672
sub_12dd98569e0ae1f9d16f3a12c86f,People Mobile,Unlimited,Ultra Unlimited,6026.505966933333,180795.179008,180795.179008
sub_9b68c968ac3ed1127a7f8b42c00f,ACME Phone,Unlimited,Unlimited Data Plan,1067.9273913725492,32678.578176000003,163392.89088000002
sub_8f1201f6ac0701469763a819336d,People Mobile,Unlimited,Ultra Unlimited,1334.3766186666664,40031.298559999996,80062.59711999999
sub_39bbdcca19dbef2d158631524e0d,People Mobile,Unlimited,Ultra Unlimited,809.9492181333334,24298.476544,24298.476544
sub_f5bb6763817505a4c6975fae9f78,People Mobile,Unlimited,Ultra Unlimited,680.1709738666667,20405.129216,20405.129216
sub_6bec033db1e5bfbb8a594f5a4491,People Mobile,Unlimited,Ultra Unlimited,2502.5852416,75077.557248,75077.557248
sub_8d67356c1fb28ae95e1da5e4e3dc,People Mobile,Unlimited,Ultra Unlimited,1048.677888,23070.913536,23070.913536
sub_4edf8541fb5e25e40af512184cb0,ACME Phone,Unlimited,Unlimited Data Plan,678.0521085901639,20680.589312,41361.178624
sub_968e131a266b1060b50622eecc2e,People Mobile,Unlimited,Ultra Unlimited,6453.614660266667,193608.439808,193608.439808
sub_5df47100f561deaea9d837ad6aa4,People Mobile,Unlimited,Ultra Unlimited,1490.0330496,44700.991488,44700.991488
sub_1a6cfa0669fbad161d5643e8bd7a,People Mobile,Unlimited,Ultra Unlimited,609.05472,3654.32832,3654.32832
sub_6e7953fb6fe82daff7371fdecb2e,ACME Phone,Unlimited,Unlimited Data Plan,1306.934882364532,37901.11158857143,265307.78112
sub_82e64231445c8ed6257e25d7947c,People Mobile,Unlimited,Ultra Unlimited,840.4056405333334,25212.169216000002,25212.169216000002
sub_a1dfb3a2ad8cd0f6cd961529b271,People Mobile,Unlimited,Ultra Unlimited,3348.080810666667,100442.42432,100442.42432
sub_c78c7b14ae1679181ca08db2cb7d,People Mobile,Unlimited,Ultra Unlimited,3180.6250666666665,95418.752,95418.752
sub_cc58e53e2a930defc331daec19fa,ACME Phone,Unlimited,Unlimited Data Plan,816.9559672808989,24236.36036266667,72709.081088
sub_ba02996daed90c5fbe434dad4ef4,People Mobile,Unlimited,Ultra Unlimited,1157.9374592,34738.123776,34738.123776
sub_e46d2b9e581548e172aa668381f6,People Mobile,Unlimited,Ultra Unlimited,5114.085137066666,153422.55411199998,153422.55411199998
sub_d6a762ff6b0eead254eea4e57d53,People Mobile,Unlimited,Ultra Unlimited,1222.6308437333332,36678.925312,36678.925312
sub_ad0cb21885b98fcfb400eb9133b3,ACME Phone,5GB,Plus Plan,2884.581694577778,86537.45083733334,259612.352512
sub_2caddbaab42402571d3aada61b74,People Mobile,No Allowance,No Allowances Plan,3106.247955692308,80762.446848,80762.446848
sub_b8a65b817ca14b00f62f15625485,People Mobile,Unlimited,Ultra Unlimited,635.1612928,19054.838784,19054.838784
sub_ab73dc1ec9b35717451e6eae22d6,People Mobile,Unlimited,Ultra Unlimited,1550.3188309333334,46509.564928,46509.564928
sub_26d9b9656211b93c603af7b64f24,People Mobile,Unlimited,Ultra Unlimited,869.5088128000001,26085.264384000002,26085.264384000002
sub_9ddc8d0d7b14fbf22090251a860f,People Mobile,Unlimited,Ultra Unlimited,1212.9006933333333,36387.0208,36387.0208
sub_37189888769981d08a5d60e44b36,SmartDevices Inc.,Unlimited,Unlimited Plan,733.4613998666662,22003.841995999985,22003.841995999985
sub_412907a13448eaf13736b23fc4e8,People Mobile,Unlimited,Ultra Unlimited,4352.817698133334,130584.53094400001,130584.53094400001
sub_aac1abc8109d01c5267f8188f6ee,People Mobile,Unlimited,Ultra Unlimited,709.7449472000001,21292.348416,21292.348416
sub_65d00cd3ac39b80f86d008c46be4,People Mobile,Unlimited,Ultra Unlimited,637.355008,19120.65024,19120.65024
sub_c1877079d5415c9bf0e11dd2e746,People Mobile,Unlimited,Ultra Unlimited,1197.6609792000002,35929.829376,35929.829376
sub_f48962b0427bc3b2430e70d37056,People Mobile,Unlimited,Ultra Unlimited,1227.6321962666666,36828.965888,36828.965888
sub_6ee93dc5dbe2490670c10d664111,People Mobile,Unlimited,Ultra Unlimited,4532.341930666667,135970.25792000003,135970.25792000003
sub_1f68e3f8dba218da1873ad5d2fc1,People Mobile,Unlimited,Ultra Unlimited,709.0149717333334,21270.449152,21270.449152
sub_33ef9ffeafc6820f6679ad01c5b9,SmartDevices Inc.,Unlimited,Unlimited Plan,618.9706856666668,18569.120570000003,18569.120570000003
sub_441c98cbf8ef4627d665a82b6acb,People Mobile,Unlimited,Ultra Unlimited,919.6635136,27589.905408,27589.905408
sub_cd96e1c5cf1e7a19227c227779ef,People Mobile,Unlimited,Ultra Unlimited,759.2475648,22777.426944,22777.426944
sub_72a7fc5e0c0a76b283be5c4e5d63,People Mobile,Unlimited,Ultra Unlimited,2050.6294613333334,61518.88384,61518.88384
sub_b51ba8d0e300a9efa087369f134e,ACME Phone,Unlimited,Unlimited Data Plan,783.2600576,23497.801728,23497.801728
sub_e649c1af55bc3e256f02f7b9c18a,People Mobile,Unlimited,Ultra Unlimited,1433.9341653333333,43018.02496,43018.02496
sub_5569c53bf37148649123161cfb30,ACME Phone,Unlimited,Unlimited Data Plan,2290.368453723577,70428.829952,281715.319808
sub_3a72e39e08bb39eb841145406e03,ACME Phone,Unlimited,Unlimited Data Plan,1662.7853672087929,50437.82280533339,756567.3420800008
sub_ffdcdb406039a1e15a4dd35af80f,People Mobile,Unlimited,Ultra Unlimited,2660.037700266667,79801.13100800001,79801.13100800001
sub_b021ed29449209670b749590838a,ACME Phone,Unlimited,Unlimited Data Plan,736.2427059649124,20982.917120000002,125897.50272000002
sub_d4e53a8c68adef10f431403ced3d,ACME Phone,Unlimited,Unlimited Data Plan,653.1169096047903,19831.004346181817,218141.04780799997
sub_88865fff195b5c6ced4063e564c8,People Mobile,Unlimited,Ultra Unlimited,734.0379135999999,22021.137408,22021.137408
sub_49ecce27bd8f5f97e8f41c898585,ACME Phone,Unlimited,Unlimited Data Plan,1620.6003408130084,49833.46048000001,199333.84192000004
sub_5b8dda7b3962098d559372d3666f,ACME Phone,Unlimited,Unlimited Data Plan,808.8206317604789,24558.735546181815,270146.09100799996
sub_248dd44e1bb32380a4608133e597,ACME Phone,Unlimited,Unlimited Data Plan,1337.7347450434784,41023.865514666664,123071.596544
sub_a5f5fe8b672fa8a06af923b42a56,ACME Phone,Unlimited,Unlimited Data Plan,1132.979280577049,34555.8680576,345558.68057599996
sub_9ae7bfea85ba3dd7355a503506df,SmartDevices Inc.,Unlimited,Unlimited Plan,665.6106228333334,19968.318685000002,19968.318685000002
sub_4fc59f551984de6e7193c10055f2,People Mobile,Unlimited,Ultra Unlimited,1260.3174570666667,37809.523712,37809.523712
sub_7527d51ab0c81f907d51aa3f5ee2,ACME Phone,Unlimited,Unlimited Data Plan,1080.8538397377047,32966.042111999996,197796.25267199997
sub_1488258bb638304eaa5893787169,People Mobile,Unlimited,Ultra Unlimited,1621.4572373333333,34050.601984,34050.601984
sub_b5fdf42b03070516cadf7036dfb8,People Mobile,Unlimited,Ultra Unlimited,1056.4325034666667,31692.975104000005,31692.975104000005
sub_bbc6fa4ee9af74edbb6251ab0016,People Mobile,Unlimited,Ultra Unlimited,1123.6864682666667,33710.594048,33710.594048
sub_2f87bdd1e3858cd733c077db8bf4,People Mobile,Unlimited,Ultra Unlimited,5254.427682133333,157632.830464,157632.830464
sub_1cc1ea35757f9c4f62c8eef35d4e,People Mobile,Unlimited,Ultra Unlimited,4319.730517333333,129591.91552,129591.91552
sub_b0039c555f9cd351f6d969087bf4,People Mobile,Unlimited,Ultra Unlimited,2327.0389077333334,69811.167232,69811.167232
sub_3ab53af09c88bd24d054917e25ac,People Mobile,Unlimited,Ultra Unlimited,1104.6709930666666,33140.129792,33140.129792
sub_6d89c79b180ef1a1a89facde016b,People Mobile,Unlimited,Ultra Unlimited,1829.3778432,54881.335296,54881.335296
sub_1bf355502813eec0937be0e6388f,People Mobile,Unlimited,Ultra Unlimited,4085.943057066667,122578.291712,122578.291712
sub_317c5a24c06bb3b04ce04fdb11f2,SmartDevices Inc.,Unlimited,Unlimited Plan,703.5087316333335,21105.261949000003,21105.261949000003
sub_6821a8441aa9c5c29a53ebd194ef,SmartDevices Inc.,Unlimited,Unlimited Plan,708.5689995,21257.069985000002,21257.069985000002
sub_61a09b556ab783a7dcf5fbbd48e3,ACME Phone,Unlimited,Unlimited Data Plan,1288.9077077333334,38667.231232,38667.231232
sub_ce50e365d3441dac8acdebce417b,People Mobile,Unlimited,Ultra Unlimited,816.5007018666668,24495.021056,24495.021056
sub_72a9e5e27540f6fefa625c85902d,People Mobile,Unlimited,Ultra Unlimited,776.6195541333334,23298.586624000003,23298.586624000003
sub_1d34dd84e5d4d48d38385740286b,ACME Phone,Unlimited,Unlimited Data Plan,1970.5324023606559,60101.238272,240404.953088
sub_5f9825de49fa9136bf1a17d6ae27,People Mobile,Unlimited,Ultra Unlimited,2673.0728106666666,80192.18432,80192.18432
sub_74d6fc5e9237bc9753ccb928c6d1,People Mobile,Unlimited,Ultra Unlimited,1290.4846677333333,38714.540032,38714.540032
sub_6491e96b70ff3b7342c61bf936b2,People Mobile,Unlimited,Ultra Unlimited,911.7754026666667,27353.26208,27353.26208
sub_5e2f9a0ab3f6580319be035828e8,People Mobile,Unlimited,Ultra Unlimited,1092.57216,32777.1648,32777.1648
sub_dda8a5dc56d679b91af91fc89926,People Mobile,Unlimited,Ultra Unlimited,877.1247103999999,26313.741312,26313.741312
sub_baffccc8901c40315b697d7cda20,People Mobile,Unlimited,Ultra Unlimited,2602.410564266667,78072.316928,78072.316928
sub_1120863328c5af1d1500fbe529f2,SmartDevices Inc.,Unlimited,Unlimited Plan,721.9868916999998,21659.606750999992,21659.606750999992
sub_3bc6dd0ecb0f0ec23989977ca527,People Mobile,Unlimited,Ultra Unlimited,2063.3343317333333,61900.029952000004,61900.029952000004
sub_53b6a3e9b6d74963817de1158142,People Mobile,Unlimited,Ultra Unlimited,1207.8362965333333,36235.088896,36235.088896
sub_b658e46b77983f0ec804086275c0,People Mobile,Unlimited,Ultra Unlimited,2066.7421354666667,62002.264063999995,62002.264063999995
sub_a36e57736eb8021731dbcedbeff9,People Mobile,5GB,5GB,1005.8074111999998,5029.037055999999,5029.037055999999
sub_58f79d5f604c3c6d560b30e4b4da,People Mobile,No Allowance,No Allowances Plan,1191.4536959999998,2382.9073919999996,2382.9073919999996
sub_96965ff2df39809563b4c3f66577,People Mobile,Unlimited,Ultra Unlimited,869.1404458666667,26074.213376,26074.213376
sub_47deb8ec57df88ade8e26d6fa50e,People Mobile,Unlimited,Ultra Unlimited,1783.7326335999996,53511.97900799999,53511.97900799999
sub_c4ed475c89da2067c44b2ecd137d,People Mobile,Unlimited,Ultra Unlimited,3629.567863466667,108887.035904,108887.035904
sub_9c7d3ed6bdfec45a62d31919d3b7,People Mobile,Unlimited,Ultra Unlimited,2782.0164437333337,83460.493312,83460.493312
sub_4854ae8a1feff82e47b9a97d6726,ACME Phone,Unlimited,Unlimited Data Plan,1097.8920707240507,33359.028302769235,433667.36793600005
sub_a6443f11fc866f3c2dfac0180a52,ACME Phone,Unlimited,Unlimited Data Plan,830.8170916226414,25161.88906057143,176133.223424
sub_800881b61af8e16e61d51cc2e428,ACME Phone,Unlimited,Unlimited Data Plan,1821.0422051382113,55997.047807999996,223988.19123199998
sub_e1b61440064430a33901ba6b94b5,ACME Phone,Unlimited,Unlimited Data Plan,614.3836689655171,17817.126399999997,106902.75839999998
sub_0ac88098e38b06bad52147648ad3,ACME Phone,Unlimited,Unlimited Data Plan,4975.782902690909,136834.029824,1094672.238592
sub_b68354e370a8a97fb0ea004d31bf,People Mobile,Unlimited,Ultra Unlimited,1701.3999616,51041.998848,51041.998848
sub_f6bbcf1acc7a04a6a4601a6303c7,People Mobile,No Allowance,No Allowances Plan,714.8824746666668,8578.589696000001,8578.589696000001
sub_917efdc18f9c3f67a4cca249f964,People Mobile,Unlimited,Ultra Unlimited,734.8985855999999,22046.957567999998,22046.957567999998
sub_d00b7406a9e681299dced60b4b76,People Mobile,Unlimited,Ultra Unlimited,693.8127701333334,20814.383104,20814.383104
sub_f695a0c4643f3618e4286fe19d88,People Mobile,Unlimited,Ultra Unlimited,638.9270528,19167.811584,19167.811584
sub_3de2c403084d9e573ffa45f9d8c6,ACME Phone,Unlimited,Unlimited Data Plan,645.5184100765957,18962.103296,151696.826368
sub_ceb6351a5129ec60eabde7d75308,People Mobile,Unlimited,Ultra Unlimited,1534.2216533333335,46026.649600000004,46026.649600000004
sub_c93fe3159e8ed6e67e71208b74e9,People Mobile,Unlimited,Ultra Unlimited,3088.4768085333335,92654.304256,92654.304256
sub_12f1f6477691add4ce1df39bdd2c,ACME Phone,Unlimited,Unlimited Data Plan,716.0656718122067,21788.855442285716,305043.97619200003
sub_238e295b3802ae37aacc08322666,People Mobile,Unlimited,Ultra Unlimited,1287.4559488000002,38623.678464000004,38623.678464000004
sub_2db027157abb49504e956e21e3b1,People Mobile,Unlimited,Ultra Unlimited,4456.2050389333335,133686.151168,133686.151168
sub_959a9d061054be348faed88c0519,ACME Phone,Unlimited,Unlimited Data Plan,714.1180179692308,15472.557056,46417.671168
sub_6c3dc7de1f6c0a3adc56753b53ce,ACME Phone,Unlimited,Unlimited Data Plan,1098.5864111460673,32591.396864,97774.190592
sub_7fc8bc4f4345632168306e923f03,People Mobile,Unlimited,Ultra Unlimited,1490.4670549333334,44714.011648,44714.011648
sub_aeeedcd77f43ba82997b02b4fd24,People Mobile,Unlimited,Ultra Unlimited,1748.7773696,52463.321088,52463.321088
sub_c62d11a2dc880c6bce0d8f507e35,People Mobile,Unlimited,Ultra Unlimited,659.8189056,19794.567168,19794.567168
sub_346734bddb1e1acb9fac4e9a6b2a,People Mobile,Unlimited,Ultra Unlimited,788.330496,23649.91488,23649.91488
sub_1cd892c044f8c2ec3b4d361c065d,People Mobile,Unlimited,Ultra Unlimited,1346.4350151111112,24235.830272,24235.830272
sub_1f88e2e5641578232ddc47b5889d,People Mobile,Unlimited,Ultra Unlimited,1368.0954367999998,41042.863104,41042.863104
sub_c064e5ae452fbaae60cd53d003b7,People Mobile,Unlimited,Ultra Unlimited,720.1585834666668,21604.757504,21604.757504
sub_bf9870cff6493ad56cc4c1043195,People Mobile,Unlimited,Ultra Unlimited,941.7056938666666,28251.170815999998,28251.170815999998
sub_bfa4dcd81b4b081d08e4b8429198,People Mobile,Unlimited,Ultra Unlimited,4943.548586666667,148306.4576,148306.4576
sub_1632d87de84fc05a8ca8c7f60678,People Mobile,Unlimited,Ultra Unlimited,3098.754321066667,92962.62963200001,92962.62963200001
sub_fee22a182a8860f5d3bfdbba29d9,SmartDevices Inc.,Unlimited,Unlimited Plan,605.3244308666667,18159.732926,36319.465852
sub_6a5083540d31df28d01771272203,People Mobile,5GB,5GB,698.3596617142857,4888.517632,4888.517632
sub_51975a8d85bafaa154d446273967,ACME Phone,Unlimited,Unlimited Data Plan,933.2444118373985,28697.265664000002,114789.06265600001
sub_8bcfb6eead4fdb7c8b35e273a19a,People Mobile,Unlimited,Ultra Unlimited,704.9540608,21148.621823999998,21148.621823999998
sub_61d172d5e5b243b36fc0c82da6c9,SmartDevices Inc.,Unlimited,Unlimited Plan,718.3387630999999,21550.162892999997,21550.162892999997
sub_4f8143e74035b6c8fbcfa507026a,People Mobile,Unlimited,Ultra Unlimited,834.0127061333334,25020.381184,25020.381184
sub_54117e23b1fb21456f7c48bfcc97,People Mobile,Unlimited,Ultra Unlimited,3888.5413546666664,11665.624064,11665.624064
sub_c0dfc067c4abf065168c8f1ea0f8,ACME Phone,Unlimited,Unlimited Data Plan,709.3081641967213,21633.899008,43267.798016
sub_62d469b583c635568d950d05510b,People Mobile,Unlimited,Ultra Unlimited,3191.074440533333,95732.233216,95732.233216
sub_cb1617ae048a75d4e237f7f010eb,People Mobile,Unlimited,Ultra Unlimited,716.1086976,21483.260928,21483.260928
sub_f780fed08a2a47f4af6c6bfebb65,ACME Phone,Unlimited,Unlimited Data Plan,737.2486253114752,22486.083071999994,44972.16614399999
sub_23f2de2a0a6ed11fe30407f2204a,ACME Phone,1GB,Easy Plan,757.6968423225807,23488.602112,23488.602112
sub_2a52897c29e28e6077697733bc10,People Mobile,Unlimited,Ultra Unlimited,1567.0007808,47010.023424,47010.023424
sub_80fbe2d98d7d9e275c44b324b9c1,ACME Phone,Unlimited,Unlimited Data Plan,630.4721578666666,18914.164736,18914.164736
sub_65fa6c44040497b0963c9d278c1b,SmartDevices Inc.,Unlimited,Unlimited Plan,691.4559821000001,20743.679463000004,20743.679463000004
sub_b23b43a3a1ae0e1875c524519724,SmartDevices Inc.,Unlimited,Unlimited Plan,1476.7750235333333,22151.625353,22151.625353
sub_05006f30881c3a3eeb3548d106f3,People Mobile,Unlimited,Ultra Unlimited,1183.0066176,35490.198528,35490.198528
sub_2efa92d4c67468a8061ac76e9ca1,People Mobile,Unlimited,Ultra Unlimited,2573.7863509333333,77213.590528,77213.590528
sub_fe0b38a7767805bbd60423cfec04,People Mobile,Unlimited,Ultra Unlimited,970.5553237333334,29116.659712,29116.659712
sub_cce1642e3674c4febd7a66f83ef9,SmartDevices Inc.,Unlimited,Unlimited Plan,771.6783878666666,23150.351636,23150.351636
sub_1171c22ec8ebf155b417f849a299,ACME Phone,Unlimited,Unlimited Data Plan,825.6889173333333,24770.66752,24770.66752
sub_3d85402f88ebca4e67b707a36ea6,People Mobile,Unlimited,Ultra Unlimited,1035.0637738666667,31051.913216,31051.913216
sub_d7c981643abb31f66e4e50bb4325,People Mobile,Unlimited,Ultra Unlimited,3409.9416064,102298.248192,102298.248192
sub_acda8fe62f0eb265caa9212ce1c0,ACME Phone,Unlimited,Unlimited Data Plan,804.2812118709677,24932.717568,24932.717568
sub_db5baf22ad6016be99fb616a2ca9,People Mobile,Unlimited,Ultra Unlimited,1361.9868330666663,40859.60499199999,40859.60499199999
sub_3719d0a809fddbaf146031b89e2f,People Mobile,Unlimited,Ultra Unlimited,1160.8046250666666,34824.138752,34824.138752
